"","DC0","DBH0","TPH0","DCt"
"1",2,6,1231.7112950983,6
"2",3,5.9,527.273489157,6
"3",1,5.3,467.7899188838,6
"4",1,7.2,1268.2453295014,6
"5",4,8.5,765.2077702498,6
"6",1,5.4,890.9671600627,6
"7",5,8.3,1425.0328984862,6
"8",5,8.8,1425.0328984862,6
"9",1,7.3,661.1115222717,6
"10",5,10.7,1349.3920416094,6
"11",3,6.2,1097.8732619836,6
"12",5,8.2,861.225374926101,6
"13",4,9.8,861.225374926101,6
"14",5,10.2,861.225374926101,6
"15",4,8.4,3054.3991108227,6
"16",1,5.9,297.417851366,6
"17",4,6,104.0962479781,6
"18",5,7.5,1097.8732619836,6
"19",5,10.7,1120.8227978537,6
"20",4,8.2,1150.5645829903,6
"21",2,8.7,846.354482357801,6
"22",5,5.1,846.354482357801,6
"23",2,7,846.354482357801,6
"24",2,6.6,1165.4354755586,6
"25",1,8.1,460.9976696173,6
"26",1,5.5,1357.4706849112,6
"27",3,6.1,1001.8556573073,6
"28",5,11.7,876.0962674944,6
"29",2,6.4,505.6103473222,6
"30",2,8.1,1959.0986369097,6
"31",3,5.1,1959.0986369097,6
"32",1,13.4,438.0481337472,6
"33",4,9.3,208.1924959562,6
"34",4,10,431.2558844807,6
"35",4,7.8,431.2558844807,6
"36",1,10.9,1565.6631808674,6
"37",2,5.9,1076.2101201488,6
"38",3,15.1,312.2887439343,6
"39",2,7.8,905.838052631001,6
"40",2,19,1402.0833626161,6
"41",4,10.3,1069.4178708823,6
"42",5,8.9,1069.4178708823,6
"43",4,6,431.2558844807,6
"44",3,9.9,780.0786628181,6
"45",5,5.4,786.8709120846,6
"46",4,13.2,497.5317040204,6
"47",2,6.9,431.2558844807,6
"48",2,6.1,1053.2605842787,6
"49",4,5.1,1913.1995651695,6
"50",1,7.5,1913.1995651695,6
"51",5,7.3,557.0152742936,6
"52",4,14.6,371.7723142075,6
"53",3,15.1,578.6784161284,6
"54",4,10.8,578.6784161284,6
"55",5,5.9,2440.4730543265,6
"56",3,9,780.0786628181,6
"57",3,14.9,780.0786628181,6
"58",3,5.1,1008.6479065738,6
"59",2,6.8,1231.7112950983,6
"60",2,6.2,1231.7112950983,6
"61",3,6.3,1231.7112950983,6
"62",2,5.5,1231.7112950983,6
"63",4,6,1231.7112950983,6
"64",2,5.7,690.8533074083,6
"65",1,5.6,876.096267494401,6
"66",2,5.4,876.096267494401,6
"67",5,14.7,163.5798182513,6
"68",1,5.7,512.4025965887,6
"69",4,8.7,1749.6197469182,6
"70",1,5,482.6608114521,6
"71",3,5.9,482.6608114521,6
"72",3,13.5,1068.131476847,6
"73",3,15.7,674.6960208047,6
"74",3,5.2,1246.5821876666,6
"75",4,6.6,2869.1561507366,6
"76",3,15.7,512.4025965887,6
"77",3,6.9,793.6631613511,6
"78",3,13.1,504.3239532869,6
"79",5,15.6,1402.0833626161,6
"80",3,6.5,1402.0833626161,6
"81",1,6,1439.9037910545,6
"82",2,7.9,861.225374926101,6
"83",3,12.2,1210.0481532635,6
"84",1,7,1009.9343006091,6
"85",3,19.6,1091.0810127171,6
"86",2,6.9,727.3873418114,6
"87",1,10.4,727.3873418114,6
"88",2,6.3,727.3873418114,6
"89",3,6.4,356.9014216392,6
"90",3,5.8,1690.136176645,6
"91",2,12,1408.8756118826,6
"92",2,6.3,401.5140993441,6
"93",3,9.3,3818.3204870372,6
"94",2,11.2,438.0481337472,6
"95",1,6,438.0481337472,6
"96",1,7.5,1504.8932165589,6
"97",2,5.8,312.2887439343,6
"98",4,9.6,638.1619864016,6
"99",2,5.2,1394.0047193143,6
"100",2,8.3,705.7241999766,6
"101",2,5,1388.4988640831,6
"102",3,6.1,1388.4988640831,6
"103",4,9.5,542.1443817253,6
"104",1,5.9,1942.9413503061,6
"105",2,7.7,1942.9413503061,6
"106",3,6.2,3261.3052127436,6
"107",2,7.3,1906.407315903,6
"108",1,6.5,1653.6021422419,6
"109",4,6.3,972.113872170701,6
"110",1,9.8,690.8533074083,6
"111",2,10,2794.8016878951,6
"112",3,5.8,1031.5974424439,6
"113",2,10,1394.0047193143,6
"114",3,6.9,1394.0047193143,6
"115",4,6.4,104.0962479781,6
"116",1,5.7,868.0176241926,6
"117",4,10.5,586.7570594302,6
"118",2,9,586.7570594302,6
"119",2,15.6,438.0481337472,6
"120",2,5.2,1083.0023694153,6
"121",2,18.9,1187.0986173934,6
"122",2,8.3,3817.0340930019,6
"123",2,5.5,2262.0223435069,6
"124",3,7.4,854.433125659601,6
"125",2,20.3,289.3392080642,6
"126",1,10.3,416.3849919124,6
"127",2,9.7,446.126777049,6
"128",3,9.2,1320.9366505081,6
"129",2,6.8,431.2558844807,6
"130",4,8.8,838.275839056,6
"131",3,5.4,1009.9343006091,6
"132",1,5.7,304.2101006325,6
"133",1,13,631.3697371351,6
"134",1,7.5,1535.9213957308,6
"135",4,25.4,482.6608114521,6
"136",1,6.8,386.6432067758,6
"137",1,6.7,104.0962479781,6
"138",1,6.8,452.9190263155,6
"139",3,6,452.9190263155,6
"140",1,5.7,646.2406297034,6
"141",1,7.7,1499.3873613277,6
"142",1,5.2,1499.3873613277,6
"143",3,11.4,1653.6021422419,6
"144",4,14.7,1045.1819409769,6
"145",1,7.3,1587.3263227022,6
"146",1,6,1987.554028011,6
"147",2,5.9,2675.8345473487,6
"148",2,5.4,489.4530607186,6
"149",1,6.4,446.126777049,6
"150",2,11.2,446.126777049,6
"151",1,13.8,772.0000195163,6
"152",1,13.2,861.225374926101,6
"153",2,5.1,2654.1714055139,6
"154",2,5.8,1001.8556573073,6
"155",2,8.5,1001.8556573073,6
"156",2,7.8,1001.8556573073,6
"157",3,6.1,949.1643363006,6
"158",1,9.7,550.2230250271,6
"159",4,13.5,2224.2019150685,6
"160",1,5.2,89.2253554098,6
"161",2,9.3,1187.0986173934,6
"162",2,8.6,1187.0986173934,6
"163",2,9.4,1187.0986173934,6
"164",2,8.4,1187.0986173934,6
"165",1,5.7,1187.0986173934,6
"166",1,6,1187.0986173934,6
"167",2,6,675.98241484,6
"168",1,5.4,460.9976696173,6
"169",3,5.6,497.5317040204,6
"170",3,8.1,1312.8580072063,6
"171",2,6.5,1312.8580072063,6
"172",2,11.6,2098.4425252556,6
"173",1,5.2,624.5774878686,6
"174",1,7.7,1254.6608309684,6
"175",2,5.7,667.9037715382,6
"176",2,7.1,535.3521324588,6
"177",3,10.1,519.1948458552,6
"178",2,5.2,2936.7183643116,6
"179",2,14.6,2098.4425252556,6
"180",1,8.3,504.3239532869,6
"181",1,6.8,504.3239532869,6
"182",1,5.9,504.3239532869,6
"183",2,11.9,44.6126777049,6
"184",2,5.7,1416.9542551844,6
"185",2,6.4,505.6103473222,6
"186",1,9,3365.4014607217,6
"187",3,5.5,2128.1843103922,6
"188",3,5.4,2128.1843103922,6
"189",2,5.1,995.063408040801,6
"190",1,8.7,986.984764739001,6
"191",3,7.2,846.354482357801,6
"192",2,8.6,801.741804652901,6
"193",1,12.3,1638.7312496736,6
"194",1,5.4,304.2101006325,6
"195",2,7.6,682.7746641065,6
"196",2,6.9,890.9671600627,6
"197",1,7.4,809.820447954701,6
"198",3,15.2,8655.01419707531,6
"199",2,5.8,1402.0833626161,6
"200",2,9.5,252.8051736611,6
"201",1,10.5,1291.1948653715,6
"202",2,5.9,1039.6760857457,6
"203",3,12.3,578.6784161284,6
"204",1,10.3,2675.8345473487,6
"205",3,6.1,578.6784161284,6
"206",1,5.6,801.741804652901,6
"207",3,6.8,705.7241999766,6
"208",2,11.5,1431.8251477527,6
"209",1,7.7,993.777014005501,6
"210",5,5.6,1853.7159948963,6
"211",4,18.1,1727.9566050834,6
"212",2,5.5,1150.5645829903,6
"213",2,12.9,505.6103473222,6
"214",3,5.4,1898.3286726012,6
"215",1,8.6,2831.3357222982,6
"216",1,7.9,438.0481337472,6
"217",1,5.3,927.5011944658,6
"218",1,5.3,1016.7265498756,6
"219",2,5.1,1016.7265498756,6
"220",1,9.4,1016.7265498756,6
"221",2,5.3,1016.7265498756,6
"222",1,5.3,1016.7265498756,6
"223",3,6.5,1003.1420513426,6
"224",3,7.4,401.5140993441,6
"225",1,15.2,2432.3944110247,6
"226",1,13.2,2432.3944110247,6
"227",2,8.4,1565.6631808674,6
"228",3,8.2,853.1467316243,6
"229",3,6,1009.9343006091,6
"230",3,14.9,719.3086985096,6
"231",2,7.3,719.3086985096,6
"232",2,12.8,993.777014005501,6
"233",1,8.1,705.7241999766,6
"234",1,5.1,675.98241484,6
"235",1,5.7,1172.2277248251,6
"236",1,11.9,1253.3744369331,6
"237",4,11.5,1253.3744369331,6
"238",3,26.1,193.3216033879,6
"239",2,17.5,333.9518857691,6
"240",2,13.4,333.9518857691,6
"241",2,10,333.9518857691,6
"242",2,12,386.6432067758,6
"243",1,10.4,386.6432067758,6
"244",3,8.9,838.275839056,6
"245",3,13.4,838.275839056,6
"246",2,8.6,252.8051736611,6
"247",1,6.6,342.0305290709,6
"248",1,20.4,1068.131476847,6
"249",2,26.3,1187.0986173934,6
"250",3,7.6,1112.7441545519,6
"251",1,5.8,719.3086985096,6
"252",3,8.9,1112.7441545519,6
"253",4,10.8,861.225374926101,6
"254",3,10.1,482.6608114521,6
"255",3,12.2,482.6608114521,6
"256",4,11.2,482.6608114521,6
"257",3,9.1,482.6608114521,6
"258",2,13.6,482.6608114521,6
"259",3,9.3,327.1596365026,6
"260",3,6,2091.6502759891,6
"261",1,7.9,727.3873418114,6
"262",2,11.1,505.6103473222,6
"263",3,10.2,2061.9084908525,6
"264",1,11.8,689.566913373,6
"265",2,15.4,118.9671405464,6
"266",2,9.6,1928.0704577378,6
"267",1,7,1928.0704577378,6
"268",2,6.3,794.9495553864,6
"269",2,7.7,794.9495553864,6
"270",2,6.8,5151.555242043,6
"271",2,5,1016.7265498756,6
"272",3,5.6,1803.5974619602,6
"273",4,7,2083.5716326873,6
"274",3,8.4,208.1924959562,6
"275",3,10.8,697.6455566748,6
"276",2,18.7,1120.8227978537,6
"277",3,5.7,644.9542356681,6
"278",3,5.4,1779.3615320548,6
"279",3,6.2,1779.3615320548,6
"280",4,5.5,1779.3615320548,6
"281",2,5.3,1779.3615320548,6
"282",3,5.3,1779.3615320548,6
"283",2,5.9,1779.3615320548,6
"284",2,6.2,1779.3615320548,6
"285",2,5.4,1779.3615320548,6
"286",3,5.4,1779.3615320548,6
"287",3,6.2,1779.3615320548,6
"288",4,5.5,1779.3615320548,6
"289",2,5.3,1779.3615320548,6
"290",3,5.3,1779.3615320548,6
"291",4,20,2321.5059137801,6
"292",1,6.5,557.0152742936,6
"293",1,6.5,557.0152742936,6
"294",1,5.3,548.9366309918,6
"295",1,5.3,1964.6044921409,6
"296",1,5.3,1964.6044921409,6
"297",2,12.3,1764.4906394865,6
"298",3,6.3,934.293443732301,6
"299",1,5.7,475.8685621856,6
"300",2,5.6,475.8685621856,6
"301",1,5.2,1342.5997923429,6
"302",1,7.6,1439.9037910545,6
"303",1,7,1439.9037910545,6
"304",2,6.1,1439.9037910545,6
"305",1,6.3,1439.9037910545,6
"306",1,7,1439.9037910545,6
"307",1,7.6,1439.9037910545,6
"308",2,6.1,1439.9037910545,6
"309",1,5.3,1439.9037910545,6
"310",2,12.6,2121.3920611257,6
"311",2,5,972.1138721707,6
"312",2,7.7,972.1138721707,6
"313",1,8,972.1138721707,6
"314",2,6.7,972.1138721707,6
"315",2,6.9,972.1138721707,6
"316",1,9.2,1077.4965141841,6
"317",3,5.4,1077.4965141841,6
"318",4,9.2,1453.4882895875,6
"319",3,5.5,980.192515472501,6
"320",3,6.1,2394.5739825863,6
"321",3,12.4,2394.5739825863,6
"322",4,5.4,1003.1420513426,6
"323",5,5.5,2521.6197664345,6
"324",1,6.3,2854.2852581683,6
"325",4,25,1906.407315903,6
"326",2,5.1,1069.4178708823,6
"327",3,10.7,1142.4859396885,6
"328",4,7.3,1453.4882895875,6
"329",1,6.2,861.225374926101,6
"330",2,9.1,861.225374926101,6
"331",5,6.4,1201.9695099617,6
"332",3,11.7,1201.9695099617,6
"333",2,5.8,1238.5035443648,6
"334",1,5.6,1668.4730348102,6
"335",2,6.7,1468.3591821558,6
"336",3,19.7,1779.3615320548,6
"337",2,7.2,3084.1408959593,6
"338",2,6.6,3084.1408959593,6
"339",3,5.2,3084.1408959593,6
"340",3,8.5,1869.8732814999,6
"341",3,8.3,1869.8732814999,6
"342",3,7.3,1869.8732814999,6
"343",3,5,1453.4882895875,6
"344",3,5.6,1453.4882895875,6
"345",3,5.9,1453.4882895875,6
"346",4,6.7,1453.4882895875,6
"347",4,5,3011.0728271531,6
"348",2,8.9,616.4988445668,6
"349",3,5.7,801.7418046529,6
"350",2,8.6,801.7418046529,6
"351",3,6.1,957.2429796024,6
"352",2,5.3,1558.8709316009,6
"353",3,5.7,2988.123291283,6
"354",3,7.9,2988.123291283,6
"355",2,6.6,2988.123291283,6
"356",3,7.1,2988.123291283,6
"357",4,5.9,2988.123291283,6
"358",4,7.5,2988.123291283,6
"359",4,6.5,2988.123291283,6
"360",2,5.8,2988.123291283,6
"361",3,5.7,2988.123291283,6
"362",3,7.9,2988.123291283,6
"363",2,6.6,2988.123291283,6
"364",3,7.1,2988.123291283,6
"365",2,5.7,208.1924959562,6
"366",3,5.4,1884.7441740682,6
"367",2,10.4,778.7922687828,6
"368",3,7.4,1698.2148199468,6
"369",2,5.5,1698.2148199468,6
"370",1,5,1223.6326517965,6
"371",4,6.2,2358.0399481832,6
"372",2,6.8,1284.402616105,6
"373",3,10.2,2343.1690556149,6
"374",2,7.2,2343.1690556149,6
"375",2,7.4,2403.9390199234,6
"376",1,7.7,1335.8075430764,6
"377",4,14.8,297.417851366,6
"378",4,12.9,297.417851366,6
"379",4,14.8,297.417851366,6
"380",4,12.9,297.417851366,6
"381",3,14.8,2083.5716326873,6
"382",3,5.4,831.483589789501,6
"383",2,7.6,1423.7465044509,6
"384",2,7.6,1423.7465044509,6
"385",1,5,2032.1667057159,6
"386",1,5.1,1832.0528530615,6
"387",2,5.8,1832.0528530615,6
"388",3,8.5,1832.0528530615,6
"389",3,8.4,1832.0528530615,6
"390",2,6.2,1832.0528530615,6
"391",2,6.5,1832.0528530615,6
"392",4,8,2217.409665802,6
"393",2,9.4,1403.3697566514,6
"394",2,20.7,3039.5282182544,6
"395",1,8.3,2662.2500488157,6
"396",2,5.2,846.3544823578,6
"397",2,6.1,1596.6913600393,6
"398",1,7.8,1416.9542551844,6
"399",1,5.7,2157.9260955288,6
"400",2,10.1,667.9037715382,6
"401",1,6.3,890.9671600627,6
"402",5,9.1,527.273489157,6
"403",3,9.9,527.273489157,6
"404",3,7.5,527.273489157,6
"405",5,9.1,527.273489157,6
"406",3,6.4,527.273489157,6
"407",2,10.9,527.273489157,6
"408",5,13.8,527.273489157,6
"409",1,6.6,1853.7159948963,6
"410",3,8,4862.2160339788,6
"411",4,7.4,2336.3768063484,6
"412",4,7.4,2336.3768063484,6
"413",3,5,2128.1843103922,6
"414",3,6.6,1542.7136449973,6
"415",3,6.6,1542.7136449973,6
"416",1,6.2,1276.3239728032,6
"417",3,10.9,297.417851366,6
"418",4,5.3,884.174910796201,6
"419",1,6,1001.8556573073,6
"420",1,6,1001.8556573073,6
"421",3,6.6,2356.7535541479,6
"422",1,5.1,831.483589789501,6
"423",3,7.8,342.0305290709,6
"424",2,5.7,757.129126948,6
"425",3,11.4,1498.1009672924,6
"426",3,5.2,3395.1432458583,6
"427",3,8.8,1832.0528530615,6
"428",3,9.6,2617.6373711108,6
"429",3,6.3,2617.6373711108,6
"430",1,5.5,267.6760662294,6
"431",3,7.8,490.7394547539,6
"432",1,6.7,490.7394547539,6
"433",1,8.3,490.7394547539,6
"434",3,7.8,490.7394547539,6
"435",1,5.6,661.1115222717,6
"436",2,6.4,778.7922687828,6
"437",3,6.4,986.984764739001,6
"438",1,8.1,801.741804652901,6
"439",3,7,801.741804652901,6
"440",3,5.4,801.741804652901,6
"441",5,7.5,1291.1948653715,6
"442",4,6,1379.133826746,6
"443",1,5.1,1972.6831354427,6
"444",1,5.1,1972.6831354427,6
"445",2,5.4,1972.6831354427,6
"446",1,5.2,1972.6831354427,6
"447",4,5.3,1646.8098929754,6
"448",3,5.6,1646.8098929754,6
"449",2,6.6,1646.8098929754,6
"450",3,5.2,1053.2605842787,6
"451",2,6.8,148.708925683,6
"452",2,30,1379.133826746,6
"453",4,12.1,1721.1643558169,6
"454",3,8.3,1818.4683545285,6
"455",3,5.7,1365.549328213,6
"456",3,6,2068.700740119,6
"457",1,7.5,978.906121437201,6
"458",4,5.2,793.6631613511,6
"459",3,8.6,3262.5916067789,6
"460",4,9.3,2224.2019150685,6
"461",4,5.4,1023.5187991421,6
"462",1,5.9,1446.696040321,6
"463",1,5.2,1446.696040321,6
"464",1,5.9,1446.696040321,6
"465",1,5,2151.1338462623,6
"466",4,9.6,1512.9718598607,6
"467",2,8.1,1009.9343006091,6
"468",2,10.9,1009.9343006091,6
"469",2,11.1,1009.9343006091,6
"470",2,8.6,1009.9343006091,6
"471",2,11.2,1009.9343006091,6
"472",2,8.1,1009.9343006091,6
"473",2,10.9,1009.9343006091,6
"474",2,11.1,1009.9343006091,6
"475",2,8.6,1009.9343006091,6
"476",4,6.9,1099.1596560189,6
"477",4,6.9,1099.1596560189,6
"478",3,16.5,133.8380331147,6
"479",3,7.5,1039.6760857457,6
"480",2,6.6,1260.1666861996,6
"481",3,5.8,1150.5645829903,6
"482",4,5.5,1188.3850114287,6
"483",2,8.6,178.4507108196,6
"484",4,5.9,2602.7664785425,6
"485",4,5,1772.5692827883,6
"486",1,5.2,459.711275582,6
"487",2,11.4,1187.0986173934,6
"488",2,9.4,371.7723142075,6
"489",1,10.4,661.1115222717,3
"490",3,6.2,4713.5071082958,3
"491",4,6.5,1676.551678112,4
"492",3,12.8,1097.8732619836,4
"493",3,8.5,846.354482357801,4
"494",1,8,765.2077702498,3
"495",2,7.5,905.838052631001,3
"496",3,11.4,616.4988445668,3
"497",4,7.1,1268.2453295014,4
"498",1,5,1580.5340734357,2
"499",3,5,786.8709120846,3
"500",1,13.9,2475.7206946943,3
"501",2,10.1,431.2558844807,3
"502",1,6.8,1913.1995651695,2
"503",3,5.8,1913.1995651695,3
"504",3,6.2,1913.1995651695,3
"505",2,6.3,1913.1995651695,3
"506",2,6.8,1913.1995651695,3
"507",1,7,1913.1995651695,2
"508",1,8.2,1913.1995651695,2
"509",3,16.2,1379.133826746,3
"510",3,12.3,1572.4554301339,3
"511",2,17,1246.5821876666,3
"512",5,16.2,1001.8556573073,5
"513",1,8.6,601.6279519985,3
"514",2,8.2,482.6608114521,3
"515",3,5.6,482.6608114521,3
"516",2,5.5,482.6608114521,3
"517",3,6.8,482.6608114521,3
"518",3,7.4,1557.5845375656,3
"519",1,12.4,727.3873418114,3
"520",2,7.5,1335.8075430764,3
"521",1,8.3,252.8051736611,3
"522",4,5.3,1009.9343006091,4
"523",1,10.5,727.3873418114,2
"524",1,10.2,1408.8756118826,4
"525",1,6.3,3818.3204870372,3
"526",1,9.4,3818.3204870372,3
"527",1,11.6,972.1138721707,1
"528",1,8.9,750.3368776815,2
"529",3,6.7,690.8533074083,4
"530",2,11.2,772.000019516301,4
"531",3,6.9,868.0176241926,3
"532",3,9.1,586.7570594302,3
"533",1,11.4,586.7570594302,2
"534",3,7.7,586.7570594302,3
"535",1,15.9,1661.6807855437,3
"536",1,5.5,1231.7112950983,2
"537",1,6.7,512.4025965887,3
"538",3,5.2,408.3063486106,3
"539",3,6.3,1838.845102328,3
"540",1,9,661.1115222717,1
"541",2,5.1,2470.2148394631,2
"542",2,5.2,757.129126948,3
"543",2,10,935.579837767601,2
"544",2,13,631.3697371351,4
"545",2,10.4,3691.274703189,3
"546",3,16.8,1135.693690422,4
"547",1,11,882.888516760901,3
"548",1,7.8,750.3368776815,1
"549",2,7.2,2654.1714055139,3
"550",1,10.9,2654.1714055139,3
"551",2,7.1,2669.0422980822,5
"552",3,5.3,408.3063486106,3
"553",4,8.4,949.1643363006,5
"554",3,9.3,949.1643363006,3
"555",1,12.9,550.2230250271,3
"556",1,6,684.0610581418,2
"557",1,8.2,942.372087034101,3
"558",2,10.7,786.8709120846,4
"559",1,5.7,1727.9566050834,3
"560",2,8.8,2159.2124895641,3
"561",2,6.6,2159.2124895641,3
"562",3,15.1,527.273489157,4
"563",1,6.5,1372.3415774795,3
"564",1,8.6,823.4049464877,3
"565",2,6,497.5317040204,3
"566",1,8.1,1416.9542551844,4
"567",2,12.2,1416.9542551844,3
"568",1,15.1,1727.9566050834,3
"569",3,6,824.691340523001,5
"570",2,10.1,2602.7664785425,3
"571",2,16.1,868.0176241926,4
"572",2,7.9,1469.6455761911,3
"573",2,7.2,1165.4354755586,3
"574",3,5.6,74.3544628415,3
"575",2,5.3,571.8861668619,3
"576",3,14.2,3001.707789816,3
"577",2,10.1,1335.8075430764,2
"578",1,14.6,859.9389808908,3
"579",1,5.5,1550.7922882991,2
"580",2,11.3,342.0305290709,3
"581",2,13.6,690.8533074083,4
"582",3,6.5,1076.2101201488,4
"583",2,8.4,356.9014216392,4
"584",2,5.8,1083.0023694153,3
"585",1,5.9,1054.546978314,2
"586",2,9,965.321622904201,2
"587",3,10.1,4372.7629732602,4
"588",1,9.4,1461.5669328893,2
"589",1,12.8,571.8861668619,3
"590",1,10.6,1898.3286726012,2
"591",2,8.9,2624.4296203773,2
"592",1,14.8,1698.2148199468,3
"593",1,10.3,616.4988445668,4
"594",1,6.6,675.98241484,3
"595",3,5.9,178.4507108196,4
"596",1,10.5,1253.3744369331,3
"597",2,12.3,386.6432067758,4
"598",2,12.5,89.2253554098,3
"599",3,8.8,467.7899188838,5
"600",1,8.5,1742.8274976517,3
"601",2,7.2,534.0657384235,2
"602",3,9.4,3247.7207142106,3
"603",1,6.5,1016.7265498756,1
"604",2,6,2558.1538008376,2
"605",1,5.5,548.9366309918,2
"606",2,12.3,1764.4906394865,3
"607",2,6.6,475.8685621856,4
"608",2,8.1,475.8685621856,3
"609",2,5.7,1439.9037910545,3
"610",2,15,2521.6197664345,2
"611",2,5.1,1069.4178708823,3
"612",3,10.7,1142.4859396885,3
"613",2,6.4,861.225374926101,2
"614",2,11.2,861.225374926101,2
"615",2,6.1,3084.1408959593,3
"616",2,5.1,3084.1408959593,3
"617",3,8.3,1869.8732814999,3
"618",3,7.3,1869.8732814999,4
"619",2,14.9,2105.2347745221,2
"620",1,5.1,1558.8709316009,2
"621",2,5.4,2083.5716326873,2
"622",2,7.5,1535.9213957308,2
"623",3,9.6,2366.118591485,5
"624",3,10,1304.7793639045,3
"625",3,6.6,2306.6350212118,3
"626",1,7.7,2032.1667057159,2
"627",1,6,2032.1667057159,2
"628",1,6.6,1832.0528530615,2
"629",3,7.3,1832.0528530615,3
"630",2,6.4,1832.0528530615,3
"631",2,8.7,1757.69839022,2
"632",1,7.3,371.7723142075,2
"633",2,6.5,1596.6913600393,3
"634",1,5.2,1596.6913600393,2
"635",3,8.4,1596.6913600393,3
"636",1,8.1,1596.6913600393,3
"637",2,9.5,1461.5669328893,2
"638",2,6,667.9037715382,2
"639",1,6.8,2098.4425252556,2
"640",3,6.4,527.273489157,3
"641",4,13.8,527.273489157,4
"642",2,10.4,527.273489157,2
"643",1,5.3,4862.2160339788,1
"644",2,5.7,2336.3768063484,2
"645",1,5.2,520.4812398905,2
"646",1,6.2,520.4812398905,2
"647",2,5.5,2128.1843103922,2
"648",2,5.8,2128.1843103922,2
"649",2,6.8,934.2934437323,2
"650",3,13.4,934.2934437323,3
"651",2,5.5,2284.971879377,2
"652",3,6.6,2284.971879377,3
"653",2,10.9,1001.8556573073,2
"654",2,7.6,1742.8274976517,2
"655",1,8.3,490.7394547539,1
"656",1,5.9,490.7394547539,1
"657",1,5.8,1320.9366505081,3
"658",2,16.5,4188.8064072094,2
"659",1,8.7,1291.1948653715,2
"660",1,7.1,1972.6831354427,3
"661",2,6.3,1669.7594288455,2
"662",1,9.1,148.708925683,4
"663",1,5.7,148.708925683,3
"664",1,5.7,2677.120941384,2
"665",3,8.3,1818.4683545285,3
"666",3,5.6,793.6631613511,4
"667",3,7.8,793.6631613511,3
"668",3,10.8,1023.5187991421,3
"669",2,7.6,2728.5258683554,2
"670",2,5.9,1446.696040321,2
"671",3,10.9,1446.696040321,3
"672",1,5.3,2151.1338462623,2
"673",3,6.1,2224.2019150685,4
"674",2,11.2,1009.9343006091,2
"675",3,5.7,1099.1596560189,3
"676",2,6.2,423.1772411789,2
"677",3,8.1,2105.2347745221,4
"678",2,5.2,1327.7288997746,2
"679",2,5.4,1327.7288997746,2
"680",1,6.1,5655.8791953299,1
"681",1,12.3,1772.5692827883,4
"682",3,15,2364.8321974497,3
"683",2,6,2364.8321974497,3
"684",3,13.9,371.7723142075,3
"685",3,10.4,446.126777049,6
"686",3,6.2,3239.6420709088,6
"687",4,6.5,1602.1972152705,6
"688",4,12.8,1016.7265498756,6
"689",4,8.5,631.3697371351,6
"690",3,7.9,750.3368776815,6
"691",3,7.6,720.5950925449,6
"692",3,11.5,356.9014216392,6
"693",4,6.8,1468.3591821558,6
"694",2,5,1580.5340734357,6
"695",3,5,446.126777049,6
"696",3,13.9,2505.4624798309,6
"697",3,8.4,371.7723142075,6
"698",2,6.5,2654.1714055139,6
"699",3,5.7,2654.1714055139,6
"700",3,6.1,2654.1714055139,6
"701",3,5.9,2654.1714055139,6
"702",3,6.3,2654.1714055139,6
"703",2,7,2654.1714055139,6
"704",2,8.1,2654.1714055139,6
"705",3,16.2,1008.6479065738,6
"706",3,11.5,2358.0399481832,6
"707",3,17.3,267.6760662294,6
"708",5,11.1,1357.4706849112,6
"709",3,8.6,586.7570594302,6
"710",3,8.2,1594.1185719687,6
"711",3,5.6,1594.1185719687,6
"712",3,5.5,1594.1185719687,6
"713",3,5.6,1594.1185719687,6
"714",3,7.4,1231.7112950983,6
"715",3,12.2,1268.2453295014,6
"716",3,7.4,1135.693690422,6
"717",3,6.2,208.1924959562,6
"718",4,5.2,535.3521324588,6
"719",2,10.5,897.7594093292,6
"720",4,10.1,1542.7136449973,6
"721",3,6.3,2936.7183643116,6
"722",3,9.5,2936.7183643116,6
"723",1,11.5,1216.84040253,6
"724",2,8.8,505.6103473222,6
"725",4,5.9,846.354482357801,6
"726",4,10.9,557.0152742936,6
"727",3,6.3,1038.3896917104,6
"728",3,7,342.0305290709,6
"729",2,11.2,342.0305290709,6
"730",3,7.6,342.0305290709,6
"731",3,15.9,1706.2934632486,6
"732",2,5.3,1261.4530802349,6
"733",3,6.5,542.1443817253,6
"734",3,5.2,438.0481337472,6
"735",3,5.1,2038.9589549824,6
"736",1,9,646.2406297034,6
"737",2,5,2225.4883091038,6
"738",3,5,786.8709120846,6
"739",2,9.9,861.2253749261,6
"740",4,12.8,416.3849919124,6
"741",3,10.2,3706.1455957573,6
"742",4,16.8,965.321622904201,6
"743",3,11,1038.3896917104,6
"744",1,7.8,750.3368776815,6
"745",3,7,2624.4296203773,6
"746",3,10.9,2624.4296203773,6
"747",5,7.1,2098.4425252556,6
"748",3,5.2,578.6784161284,6
"749",5,8.3,1645.5234989401,6
"750",3,9.2,1645.5234989401,6
"751",3,12.7,475.8685621856,6
"752",2,5.9,579.9648101637,6
"753",3,8.1,386.6432067758,6
"754",4,10.7,786.8709120846,6
"755",3,5.7,1031.5974424439,6
"756",3,8.6,1038.3896917104,6
"757",3,6.6,1038.3896917104,6
"758",4,15,512.4025965887,6
"759",3,6.5,1742.8274976517,6
"760",3,8.6,853.146731624301,6
"761",3,5.4,1053.2605842787,6
"762",4,7.8,1231.7112950983,6
"763",3,11.7,1231.7112950983,6
"764",3,15,1172.2277248251,6
"765",5,5.5,809.820447954701,6
"766",3,10.2,1891.5364233347,6
"767",4,16.2,823.4049464877,6
"768",3,7.7,1329.0152938099,6
"769",3,7.2,1165.4354755586,6
"770",3,5.6,74.3544628415,6
"771",3,13.7,3016.5786823843,6
"772",3,9.3,4173.9355146411,6
"773",1,6.4,682.7746641065,6
"774",2,5.8,3002.9941838513,6
"775",2,5.4,378.564563474,6
"776",3,11.9,1623.8603571053,6
"777",4,6,616.4988445668,6
"778",3,8,616.4988445668,6
"779",3,5.6,1254.6608309684,6
"780",2,14.6,2662.2500488157,6
"781",3,5,1195.1772606952,6
"782",3,10,1031.5974424439,6
"783",2,6.3,905.838052631,6
"784",2,11,905.838052631,6
"785",3,6.1,1846.9237456298,6
"786",3,5,1846.9237456298,6
"787",3,8,1484.5164687594,6
"788",4,7.2,1484.5164687594,6
"789",2,14.9,2305.3486271765,6
"790",2,5,1343.8861863782,6
"791",2,5.5,2483.7993379961,6
"792",2,7.5,1506.1796105942,6
"793",5,11.8,2321.5059137801,6
"794",3,9.9,904.5516585957,6
"795",3,6.7,2151.1338462623,6
"796",2,7.7,1832.0528530615,6
"797",2,5.9,1832.0528530615,6
"798",2,6.3,1898.3286726012,6
"799",3,7.2,1898.3286726012,6
"800",3,6.4,1898.3286726012,6
"801",2,8.7,1742.8274976517,6
"802",2,7.3,557.0152742936,6
"803",3,6.4,1566.9495749027,6
"804",2,5.1,1566.9495749027,6
"805",3,8.2,1566.9495749027,6
"806",3,7.7,1566.9495749027,6
"807",2,9.5,1461.5669328893,6
"808",2,6,897.759409329201,6
"809",2,6.6,1972.6831354427,6
"810",3,6.3,497.5317040204,6
"811",4,9,497.5317040204,6
"812",2,10.3,497.5317040204,6
"813",1,5.3,4195.5986564759,6
"814",2,5.7,1965.8908861762,6
"815",2,5.3,297.417851366,6
"816",2,6.1,297.417851366,6
"817",2,5.4,2372.9108407515,6
"818",2,5.7,2372.9108407515,6
"819",2,6.8,889.6807660274,6
"820",3,13,889.6807660274,6
"821",2,5.5,1773.8556768236,6
"822",3,5.7,1773.8556768236,6
"823",2,10.9,1031.5974424439,6
"824",2,7.3,3950.8721261166,6
"825",1,8.3,505.6103473222,6
"826",1,5.8,505.6103473222,6
"827",3,5.8,1431.8251477527,6
"828",2,16.3,3381.5587473253,6
"829",2,8.7,1631.9390004071,6
"830",3,7,1861.7946381981,6
"831",2,6.3,1744.113891687,6
"832",4,8.9,363.6936709057,6
"833",3,5.7,363.6936709057,6
"834",2,5.7,2862.3639014701,6
"835",3,7.4,1492.5951120612,6
"836",4,5.5,608.420201265,6
"837",3,7.8,608.420201265,6
"838",3,10.2,623.2910938333,6
"839",2,7.5,2358.0399481832,6
"840",2,5.9,1602.1972152705,6
"841",3,10.8,1602.1972152705,6
"842",2,5.3,1379.133826746,6
"843",4,6.1,2268.8145927734,6
"844",2,11.3,1150.5645829903,6
"845",3,5.5,297.417851366,6
"846",2,6.2,438.0481337472,6
"847",4,7.7,1823.9742097597,6
"848",2,5.2,1297.987114638,6
"849",2,5.4,1297.987114638,6
"850",1,6.1,5915.4766182575,6
"851",4,12.2,1772.5692827883,6
"852",3,10.4,1097.8732619836,6
"853",3,5.7,1097.8732619836,6
"854",3,13.6,371.7723142075,6
"855",1,9.4,319.0809932008,2
"856",1,15.2,252.8051736611,3
"857",3,9.9,1425.0328984862,3
"858",1,5.5,661.1115222717,3
"859",2,7,1150.5645829903,2
"860",2,7.2,1617.0681078388,2
"861",2,5.1,1913.1995651695,2
"862",1,9.5,1913.1995651695,3
"863",1,8.7,1913.1995651695,2
"864",2,7.5,869.304018227901,2
"865",3,6.1,942.372087034101,3
"866",2,5.5,482.6608114521,3
"867",3,8.3,565.0939175954,3
"868",3,7.9,1906.407315903,3
"869",4,18,423.1772411789,4
"870",1,7,586.7570594302,2
"871",2,5.2,446.126777049,3
"872",2,7.6,2654.1714055139,2
"873",1,6.3,2275.6068420399,3
"874",2,6,2275.6068420399,3
"875",2,13.5,2098.4425252556,4
"876",2,8.4,1238.5035443648,2
"877",2,6.3,557.0152742936,2
"878",1,5.2,882.8885167609,3
"879",1,5.3,1439.9037910545,2
"880",2,12.6,2121.3920611257,2
"881",1,9.9,2121.3920611257,2
"882",2,10.1,2905.6901851397,3
"883",1,8.1,1218.1267965653,2
"884",1,15.7,1223.6326517965,3
"885",2,5.7,1491.3087180259,2
"886",2,9.1,861.225374926101,2
"887",2,9.9,1625.1467511406,4
"888",1,6.2,1625.1467511406,3
"889",2,5.2,2306.6350212118,2
"890",2,5.2,2306.6350212118,2
"891",2,7.4,1558.8709316009,3
"892",2,6.3,1223.6326517965,3
"893",2,8.2,1223.6326517965,2
"894",2,5.2,1327.7288997746,2
"895",2,10.7,2098.4425252556,2
"896",3,5.7,3047.6068615562,3
"897",1,7.7,958.529373637701,2
"898",1,10.5,1596.6913600393,3
"899",2,5.4,667.9037715382,2
"900",1,5.1,4862.2160339788,1
"901",2,6.6,2356.7535541479,2
"902",2,12.7,1306.0657579398,2
"903",3,7.2,3395.1432458583,3
"904",2,7.2,3395.1432458583,2
"905",2,7.6,3395.1432458583,2
"906",3,10.5,393.4354560423,3
"907",2,5.8,778.7922687828,3
"908",1,8.7,778.7922687828,2
"909",3,8.9,327.1596365026,3
"910",1,5.5,1484.5164687594,1
"911",2,13.7,1291.1948653715,2
"912",1,8.9,1291.1948653715,2
"913",1,7.8,1291.1948653715,2
"914",2,6,1972.6831354427,2
"915",2,5.5,1446.696040321,2
"916",1,7.3,1446.696040321,2
"917",1,5.8,2151.1338462623,2
"918",4,11.9,1817.1819604932,4
"919",2,6.6,1260.1666861996,2
"920",1,13.4,237.9342810928,3
"921",2,8,1268.2453295014,3
"922",2,6.6,2602.7664785425,2
"923",3,5.8,1631.9390004071,3
"924",1,5.7,794.9495553864,2
"925",2,9.4,1304.7793639045,3
"926",3,15.2,623.2910938333,3
"927",3,9.9,1580.5340734357,3
"928",3,5.5,446.126777049,5
"929",2,7,935.579837767601,2
"930",2,7,1268.2453295014,3
"931",2,5,2654.1714055139,3
"932",3,9.2,2654.1714055139,3
"933",2,8.1,2654.1714055139,3
"934",2,7.4,839.562233091301,2
"935",3,6.1,452.9190263155,3
"936",3,5.5,1594.1185719687,3
"937",3,8.2,690.8533074083,3
"938",3,7.6,1691.4225706803,3
"939",4,18,423.1772411789,4
"940",2,6.9,342.0305290709,3
"941",3,5.2,446.126777049,3
"942",2,7.6,2624.4296203773,2
"943",3,6.3,1579.2476794004,3
"944",3,6,1579.2476794004,3
"945",4,12.1,1423.7465044509,4
"946",2,8.4,2024.0880624141,3
"947",2,6.2,356.9014216392,3
"948",3,5.1,972.113872170701,3
"949",2,5.1,1254.6608309684,3
"950",2,12.6,2121.3920611257,2
"951",2,10.1,2121.3920611257,3
"952",3,10.1,2098.4425252556,4
"953",2,8.1,1343.8861863782,2
"954",3,15.7,1608.989464537,3
"955",2,5.1,1491.3087180259,3
"956",2,8.8,905.838052631,3
"957",4,9.1,1425.0328984862,4
"958",3,6.2,1425.0328984862,4
"959",2,5.1,2076.7793834208,3
"960",2,5.2,2076.7793834208,3
"961",3,7.2,1343.8861863782,4
"962",3,6.3,1512.9718598607,3
"963",2,8,1512.9718598607,3
"964",2,5,1942.9413503061,3
"965",2,10.6,1727.9566050834,3
"966",3,5.7,2832.6221163335,4
"967",2,7.6,788.157306119901,3
"968",3,10.2,1566.9495749027,4
"969",2,5.4,897.759409329201,2
"970",1,5.1,4195.5986564759,2
"971",2,6.5,1690.136176645,2
"972",2,12.8,1565.6631808674,2
"973",3,7,3506.0317431029,3
"974",2,7.2,3506.0317431029,3
"975",2,7.1,3506.0317431029,3
"976",3,10.4,593.5493086967,4
"977",3,5.7,1008.6479065738,3
"978",2,8.5,1008.6479065738,3
"979",3,8.9,327.1596365026,3
"980",1,5.2,1469.6455761911,3
"981",2,13.6,1631.9390004071,3
"982",2,8.9,1631.9390004071,3
"983",2,7.7,1631.9390004071,3
"984",2,5.9,1861.7946381981,2
"985",2,5.5,1602.1972152705,4
"986",2,7.3,1602.1972152705,3
"987",2,5.7,1379.133826746,2
"988",4,7.3,1787.4401753566,4
"989",2,6.3,1460.280538854,3
"990",3,13.1,371.7723142075,3
"991",3,8,912.6303018975,3
"992",2,6.6,2743.3967609237,3
"993",3,5.7,2291.7641286435,3
"994",2,5.7,794.949555386401,3
"995",3,9.3,2075.4929893855,6
"996",3,14,638.1619864016,6
"997",3,9.9,1876.6655307664,6
"998",5,5.3,386.6432067758,6
"999",2,6.7,861.2253749261,6
"1000",3,6.9,986.984764739001,6
"1001",3,5,2624.4296203773,6
"1002",3,9,2624.4296203773,6
"1003",3,8.1,2624.4296203773,6
"1004",2,7.3,705.7241999766,6
"1005",3,6.1,267.6760662294,6
"1006",3,5.5,2320.2195197448,6
"1007",3,8.1,861.225374926101,6
"1008",3,7.6,1535.9213957308,6
"1009",4,14.7,423.1772411789,6
"1010",3,6.8,312.2887439343,6
"1011",3,8.4,1809.1033171914,6
"1012",3,5.6,401.5140993441,6
"1013",3,5.1,920.7089451993,6
"1014",3,5.1,1054.546978314,6
"1015",2,12.5,2491.8779812979,6
"1016",3,10,2491.8779812979,6
"1017",4,9.3,1727.9566050834,6
"1018",2,8,1314.1444012416,6
"1019",3,14.2,2164.7183447953,6
"1020",3,5.1,1491.3087180259,6
"1021",3,8.5,816.612697221201,6
"1022",4,9,1425.0328984862,6
"1023",4,6.1,1425.0328984862,6
"1024",3,5.1,1921.2782084713,6
"1025",3,5,1921.2782084713,6
"1026",4,6.8,935.579837767601,6
"1027",3,6.2,1031.5974424439,6
"1028",3,7.9,1031.5974424439,6
"1029",3,5,1817.1819604932,6
"1030",3,10.6,1572.4554301339,6
"1031",4,5.5,2832.6221163335,6
"1032",3,7.8,788.157306119901,6
"1033",4,9.9,1351.96482968,6
"1034",2,5.1,1238.5035443648,6
"1035",2,6.5,1683.3439273785,6
"1036",2,12.5,1550.7922882991,6
